season,n_stations,mean_r2,mean_rmse,mean_bias,mean_mae
Winter,25,-0.0338107720718422,2.9314027954781676,0.15380495211360215,1.082040427732986
Spring,25,0.08807833563898569,2.4757835220921574,0.05498000873694914,0.8940088202781601
Summer,25,-0.11890421887226134,2.199491525272978,-0.06542195400374277,0.6070412829434327
Fall,25,0.08596094195097016,2.5603633862888744,-0.02461703559689561,0.6769368473650679
